cache_00000000_00000099.npy,100
cache_00000100_00000199.npy,100
cache_00000200_00000299.npy,100
cache_00000300_00000399.npy,100
cache_00000400_00000499.npy,100
cache_00000500_00000599.npy,100
cache_00000600_00000699.npy,100
cache_00000700_00000799.npy,100
cache_00000800_00000899.npy,100
cache_00000900_00000999.npy,100
cache_00001000_00001099.npy,100
cache_00001100_00001199.npy,100
cache_00001200_00001299.npy,100
cache_00001300_00001399.npy,100
cache_00001400_00001499.npy,100
cache_00001500_00001599.npy,100
cache_00001600_00001699.npy,100
cache_00001700_00001799.npy,100
cache_00001800_00001899.npy,100
cache_00001900_00001919.npy,20
